<?xml version="1.0" encoding="utf-8"?>
<AutoStore NSI_SIG2="8C03FCD770932F65FA52BA37AAC7F4604110F6364FC3F29F766FCF9CB3A465DB1B1455A7958028DBCB7021732A5DE8F3">
	<Header Version="2" DateCreated="2020-11-16" TimeCreated="11:00:16" AUTHOR="" COMMENTS=""/>
	<KnowledgeObjects ObjID="347706202-23919-19110-159-118">
		<KnowledgeObject ObjID="964493138-9578-20185-140-251">
			<KnowledgeDocuments>
				<KnowledgeDocument Type="pdf" Name="r127.0.0.1_8ed7d690-f13b-4db2-b391-ce245dc3fffe_000.pdf" ObjID="2497491906-42968-17448-164-10" DocRef="1862436470-59733-18925-173-131.dat"/>
				<KnowledgeDocument Type="pdf" Name="r127.0.0.1_8ed7d690-f13b-4db2-b391-ce245dc3fffe_001.pdf" ObjID="1750724884-227-17048-136-189" DocRef="3489384423-44259-18394-159-114.dat"/>
			</KnowledgeDocuments>
			<KnowledgeFields>
				<Field Name="ClientID" Value="000112"/>
				<Field Name="MatterID" Value="M0003"/>
				<Field Name="Author" Value="JCH"/>
				<Field Name="DocClass" Value="Doc"/>
				<Field Name="DocType" Value="ACROBAT"/>
				<Field Name="WorkSpace" Value="5"/>
				<Field Name="Folder" Value="30"/>
				<Field Name="DocName" Value="Test1057"/>
				<Field Name="DocDesc" Value="Test1057"/>
				<Field Name="Operator" Value="JCH"/>
			</KnowledgeFields>
		</KnowledgeObject>
	</KnowledgeObjects>
</AutoStore>
