<?xml version="1.0" encoding="utf-8"?>
<AutoStore NSI_SIG2="1C6877D3A9DD0020306113EB45A78E39527582D8532B4D007911188CBE3BABD389A3B2654D3736F2D2798E798E2B45E7">
	<Header Version="2" DateCreated="2020-11-16" TimeCreated="12:35:47" AUTHOR="" COMMENTS=""/>
	<KnowledgeObjects ObjID="1104726217-61798-17347-136-48">
		<KnowledgeObject ObjID="1162450631-29147-16552-175-191">
			<KnowledgeDocuments>
				<KnowledgeDocument Type="jpg" Name="r127.0.0.1_d41805f8-41b0-40d6-b3f1-29f5fefd1899_000.jpg" ObjID="3568602510-40725-17272-163-174" DocRef="3829120012-5197-16597-137-205.dat"/>
				<KnowledgeDocument Type="jpg" Name="r127.0.0.1_d41805f8-41b0-40d6-b3f1-29f5fefd1899_001.jpg" ObjID="2347723965-64386-17830-183-163" DocRef="3873929286-6689-18041-180-153.dat"/>
				<KnowledgeDocument Type="pdf" Name="r127.0.0.1_d41805f8-41b0-40d6-b3f1-29f5fefd1899_000.pdf" ObjID="3451269459-33981-17956-133-49" DocRef="1935772267-44693-18373-163-254.dat"/>
				<KnowledgeDocument Type="pdf" Name="r127.0.0.1_d41805f8-41b0-40d6-b3f1-29f5fefd1899_001.pdf" ObjID="3021424676-8242-18791-144-53" DocRef="1310084964-2841-17443-158-94.dat"/>
			</KnowledgeDocuments>
			<KnowledgeFields>
				<Field Name="WorkSpace" Value="0/6/31"/>
				<Field Name="DocDesc" Value="Test 1235"/>
				<Field Name="DocName" Value="Test 1235"/>
				<Field Name="FolderID" Value="0/6/31"/>
				<Field Name="DocType" Value="ACROBAT"/>
				<Field Name="DocClass" Value="Doc"/>
				<Field Name="Author" Value="JCH"/>
				<Field Name="Operator" Value="IAD"/>
			</KnowledgeFields>
		</KnowledgeObject>
	</KnowledgeObjects>
</AutoStore>
