<?xml version="1.0" encoding="utf-8"?>
<AutoStore NSI_SIG2="056D2B4032D44B3F998A204DE6CDDCAB1219B43D9DD11710B4251257A5ECE1584E50BEA0D62F06DA335417A3C84A4919">
	<Header Version="2" DateCreated="2020-11-16" TimeCreated="11:20:56" AUTHOR="" COMMENTS=""/>
	<KnowledgeObjects ObjID="3478836059-19771-17147-138-29">
		<KnowledgeObject ObjID="1310644209-60930-16799-189-246">
			<KnowledgeDocuments>
				<KnowledgeDocument Type="jpg" Name="r127.0.0.1_dbf7dc53-ca2f-4c63-86c0-3d166d8823ea_000.jpg" ObjID="1694673679-22087-19107-191-135" DocRef="3837187051-24675-16482-168-32.dat"/>
				<KnowledgeDocument Type="jpg" Name="r127.0.0.1_dbf7dc53-ca2f-4c63-86c0-3d166d8823ea_001.jpg" ObjID="3796559616-42486-20477-165-65" DocRef="2774492395-39402-17011-131-151.dat"/>
				<KnowledgeDocument Type="pdf" Name="r127.0.0.1_dbf7dc53-ca2f-4c63-86c0-3d166d8823ea_000.pdf" ObjID="3494498706-18426-17035-165-132" DocRef="2209852445-20505-20309-183-73.dat"/>
				<KnowledgeDocument Type="pdf" Name="r127.0.0.1_dbf7dc53-ca2f-4c63-86c0-3d166d8823ea_001.pdf" ObjID="1117926017-44270-20123-170-175" DocRef="1220386314-62083-19714-187-57.dat"/>
			</KnowledgeDocuments>
			<KnowledgeFields>
				<Field Name="WorkSpace" Value="0/5/30"/>
				<Field Name="DocDesc" Value="Tst"/>
				<Field Name="DocName" Value="Test1120"/>
				<Field Name="FolderID" Value="0/5/30"/>
				<Field Name="DocType" Value="ACROBAT"/>
				<Field Name="DocClass" Value="Doc"/>
				<Field Name="Author" Value="LET"/>
				<Field Name="Operator" Value="JCH"/>
			</KnowledgeFields>
		</KnowledgeObject>
	</KnowledgeObjects>
</AutoStore>
